Country;NUTS3;Source;EuroSPORES;
AL;;GADM;ALB_1;
AT;AT322;NUTS3;AUT_1;
AT;AT342;NUTS3;AUT_1;
AT;AT323;NUTS3;AUT_1;
AT;AT335;NUTS3;AUT_1;
AT;AT321;NUTS3;AUT_1;
AT;AT333;NUTS3;AUT_1;
AT;AT211;NUTS3;AUT_1;
AT;AT331;NUTS3;AUT_1;
AT;AT341;NUTS3;AUT_1;
AT;AT212;NUTS3;AUT_1;
AT;AT332;NUTS3;AUT_1;
AT;AT334;NUTS3;AUT_1;
AT;AT314;NUTS3;AUT_2;
AT;AT315;NUTS3;AUT_2;
AT;AT313;NUTS3;AUT_2;
AT;AT312;NUTS3;AUT_2;
AT;AT224;NUTS3;AUT_2;
AT;AT311;NUTS3;AUT_2;
AT;AT223;NUTS3;AUT_2;
AT;AT222;NUTS3;AUT_2;
AT;AT225;NUTS3;AUT_2;
AT;AT226;NUTS3;AUT_2;
AT;AT213;NUTS3;AUT_2;
AT;AT221;NUTS3;AUT_2;
AT;AT111;NUTS3;AUT_3;
AT;AT112;NUTS3;AUT_3;
AT;AT122;NUTS3;AUT_3;
AT;AT123;NUTS3;AUT_3;
AT;AT124;NUTS3;AUT_3;
AT;AT121;NUTS3;AUT_3;
AT;AT130;NUTS3;AUT_3;
AT;AT126;NUTS3;AUT_3;
AT;AT127;NUTS3;AUT_3;
AT;AT125;NUTS3;AUT_3;
AT;AT113;NUTS3;AUT_3;
BA;;GADM;BIH_1;
BE;;NUTS0;BEL_1;
BG;;NUTS0;BGR_1;
CH;CH040;NUTS3;CHE_1;
CH;CH033;NUTS3;CHE_1;
CH;CH052;NUTS3;CHE_1;
CH;CH031;NUTS3;CHE_1;
CH;CH066;NUTS3;CHE_1;
CH;CH063;NUTS3;CHE_1;
CH;CH064;NUTS3;CHE_1;
CH;CH013;NUTS3;CHE_1;
CH;CH023;NUTS3;CHE_1;
CH;CH024;NUTS3;CHE_1;
CH;CH022;NUTS3;CHE_1;
CH;CH025;NUTS3;CHE_1;
CH;CH057;NUTS3;CHE_1;
CH;CH053;NUTS3;CHE_1;
CH;CH032;NUTS3;CHE_1;
CH;CH054;NUTS3;CHE_1;
CH;CH061;NUTS3;CHE_1;
CH;CH065;NUTS3;CHE_1;
CH;CH055;NUTS3;CHE_1;
CH;CH021;NUTS3;CHE_1;
CH;CH011;NUTS3;CHE_1;
CH;CH051;NUTS3;CHE_1;
CH;CH012;NUTS3;CHE_2;
CH;CH056;NUTS3;CHE_2;
CH;CH062;NUTS3;CHE_2;
CH;CH070;NUTS3;CHE_2;
CZ;CZ051;NUTS3;CZE_1;
CZ;CZ052;NUTS3;CZE_1;
CZ;CZ042;NUTS3;CZE_1;
CZ;CZ041;NUTS3;CZE_1;
CZ;CZ032;NUTS3;CZE_1;
CZ;CZ020;NUTS3;CZE_1;
CZ;CZ031;NUTS3;CZE_1;
CZ;CZ010;NUTS3;CZE_1;
CZ;CZ080;NUTS3;CZE_2;
CZ;CZ072;NUTS3;CZE_2;
CZ;CZ063;NUTS3;CZE_2;
CZ;CZ053;NUTS3;CZE_2;
CZ;CZ071;NUTS3;CZE_2;
CZ;CZ064;NUTS3;CZE_2;
DE;DEF02;NUTS3;DEU_1;
DE;DE94A;NUTS3;DEU_1;
DE;DE94H;NUTS3;DEU_1;
DE;DEF0C;NUTS3;DEU_1;
DE;DEF0B;NUTS3;DEU_1;
DE;DEF09;NUTS3;DEU_1;
DE;DE911;NUTS3;DEU_1;
DE;DE938;NUTS3;DEU_1;
DE;DE948;NUTS3;DEU_1;
DE;DE93B;NUTS3;DEU_1;
DE;DE94D;NUTS3;DEU_1;
DE;DE944;NUTS3;DEU_1;
DE;DE949;NUTS3;DEU_1;
DE;DE941;NUTS3;DEU_1;
DE;DE925;NUTS3;DEU_1;
DE;DE923;NUTS3;DEU_1;
DE;DE919;NUTS3;DEU_1;
DE;DE912;NUTS3;DEU_1;
DE;DE94E;NUTS3;DEU_1;
DE;DE91B;NUTS3;DEU_1;
DE;DE929;NUTS3;DEU_1;
DE;DE93A;NUTS3;DEU_1;
DE;DE947;NUTS3;DEU_1;
DE;DE945;NUTS3;DEU_1;
DE;DEF04;NUTS3;DEU_1;
DE;DEF0D;NUTS3;DEU_1;
DE;DE502;NUTS3;DEU_1;
DE;DE937;NUTS3;DEU_1;
DE;DE939;NUTS3;DEU_1;
DE;DEF07;NUTS3;DEU_1;
DE;DEF05;NUTS3;DEU_1;
DE;DEF03;NUTS3;DEU_1;
DE;DEF0F;NUTS3;DEU_1;
DE;DE933;NUTS3;DEU_1;
DE;DEF08;NUTS3;DEU_1;
DE;DE932;NUTS3;DEU_1;
DE;DEF01;NUTS3;DEU_1;
DE;DEF0A;NUTS3;DEU_1;
DE;DEF06;NUTS3;DEU_1;
DE;DEF0E;NUTS3;DEU_1;
DE;DE600;NUTS3;DEU_1;
DE;DE94G;NUTS3;DEU_1;
DE;DE94B;NUTS3;DEU_1;
DE;DE922;NUTS3;DEU_1;
DE;DE942;NUTS3;DEU_1;
DE;DE936;NUTS3;DEU_1;
DE;DE935;NUTS3;DEU_1;
DE;DE94C;NUTS3;DEU_1;
DE;DE931;NUTS3;DEU_1;
DE;DE946;NUTS3;DEU_1;
DE;DE913;NUTS3;DEU_1;
DE;DE927;NUTS3;DEU_1;
DE;DE917;NUTS3;DEU_1;
DE;DE928;NUTS3;DEU_1;
DE;DE916;NUTS3;DEU_1;
DE;DE94F;NUTS3;DEU_1;
DE;DE91A;NUTS3;DEU_1;
DE;DE926;NUTS3;DEU_1;
DE;DE934;NUTS3;DEU_1;
DE;DE501;NUTS3;DEU_1;
DE;DE943;NUTS3;DEU_1;
DE;DE914;NUTS3;DEU_1;
DE;DE915;NUTS3;DEU_1;
DE;DE918;NUTS3;DEU_1;
DE;DE807;NUTS3;DEU_2;
DE;DE803;NUTS3;DEU_2;
DE;DE80C;NUTS3;DEU_2;
DE;DE804;NUTS3;DEU_2;
DE;DE426;NUTS3;DEU_2;
DE;DEE0D;NUTS3;DEU_2;
DE;DEE03;NUTS3;DEU_2;
DE;DE300;NUTS3;DEU_2;
DE;DE412;NUTS3;DEU_2;
DE;DE80F;NUTS3;DEU_2;
DE;DE80A;NUTS3;DEU_2;
DE;DE80B;NUTS3;DEU_2;
DE;DE801;NUTS3;DEU_2;
DE;DE808;NUTS3;DEU_2;
DE;DE418;NUTS3;DEU_2;
DE;DE80H;NUTS3;DEU_2;
DE;DE809;NUTS3;DEU_2;
DE;DE80E;NUTS3;DEU_2;
DE;DE80D;NUTS3;DEU_2;
DE;DE805;NUTS3;DEU_2;
DE;DE80G;NUTS3;DEU_2;
DE;DE80I;NUTS3;DEU_2;
DE;DEE06;NUTS3;DEU_2;
DE;DE428;NUTS3;DEU_2;
DE;DE417;NUTS3;DEU_2;
DE;DEE04;NUTS3;DEU_2;
DE;DE423;NUTS3;DEU_2;
DE;DE421;NUTS3;DEU_2;
DE;DEE07;NUTS3;DEU_2;
DE;DE416;NUTS3;DEU_2;
DE;DE415;NUTS3;DEU_2;
DE;DE424;NUTS3;DEU_2;
DE;DE42A;NUTS3;DEU_2;
DE;DE414;NUTS3;DEU_2;
DE;DE413;NUTS3;DEU_2;
DE;DE802;NUTS3;DEU_2;
DE;DE806;NUTS3;DEU_2;
DE;DE411;NUTS3;DEU_2;
DE;DEA54;NUTS3;DEU_3;
DE;DEA44;NUTS3;DEU_3;
DE;DEA1B;NUTS3;DEU_3;
DE;DEA47;NUTS3;DEU_3;
DE;DEA43;NUTS3;DEU_3;
DE;DEA34;NUTS3;DEU_3;
DE;DEA45;NUTS3;DEU_3;
DE;DEA36;NUTS3;DEU_3;
DE;DEA1F;NUTS3;DEU_3;
DE;DEA42;NUTS3;DEU_3;
DE;DEA41;NUTS3;DEU_3;
DE;DEA38;NUTS3;DEU_3;
DE;DEA46;NUTS3;DEU_3;
DE;DEA37;NUTS3;DEU_3;
DE;DEA35;NUTS3;DEU_3;
DE;DEA33;NUTS3;DEU_3;
DE;DEA26;NUTS3;DEU_3;
DE;DEA55;NUTS3;DEU_3;
DE;DEA12;NUTS3;DEU_3;
DE;DEA21;NUTS3;DEU_3;
DE;DEA57;NUTS3;DEU_3;
DE;DEA1A;NUTS3;DEU_3;
DE;DEA13;NUTS3;DEU_3;
DE;DEA51;NUTS3;DEU_3;
DE;DEA2A;NUTS3;DEU_3;
DE;DEA15;NUTS3;DEU_3;
DE;DEA56;NUTS3;DEU_3;
DE;DEA59;NUTS3;DEU_3;
DE;DEA18;NUTS3;DEU_3;
DE;DEA19;NUTS3;DEU_3;
DE;DEA58;NUTS3;DEU_3;
DE;DEA16;NUTS3;DEU_3;
DE;DEA2C;NUTS3;DEU_3;
DE;DEA29;NUTS3;DEU_3;
DE;DEA25;NUTS3;DEU_3;
DE;DEA2B;NUTS3;DEU_3;
DE;DEA5A;NUTS3;DEU_3;
DE;DEA5C;NUTS3;DEU_3;
DE;DEA5B;NUTS3;DEU_3;
DE;DEA1E;NUTS3;DEU_3;
DE;DEA53;NUTS3;DEU_3;
DE;DEA14;NUTS3;DEU_3;
DE;DEA1C;NUTS3;DEU_3;
DE;DEA24;NUTS3;DEU_3;
DE;DEA28;NUTS3;DEU_3;
DE;DEA22;NUTS3;DEU_3;
DE;DEA11;NUTS3;DEU_3;
DE;DEA23;NUTS3;DEU_3;
DE;DEA31;NUTS3;DEU_3;
DE;DEA32;NUTS3;DEU_3;
DE;DEA52;NUTS3;DEU_3;
DE;DEA1D;NUTS3;DEU_3;
DE;DEA27;NUTS3;DEU_3;
DE;DEA17;NUTS3;DEU_3;
DE;DEE01;NUTS3;DEU_4;
DE;DE427;NUTS3;DEU_4;
DE;DE425;NUTS3;DEU_4;
DE;DE422;NUTS3;DEU_4;
DE;DEE05;NUTS3;DEU_4;
DE;DEE0C;NUTS3;DEU_4;
DE;DEE09;NUTS3;DEU_4;
DE;DE429;NUTS3;DEU_4;
DE;DEE0E;NUTS3;DEU_4;
DE;DED17;NUTS3;DEU_4;
DE;DEG04;NUTS3;DEU_4;
DE;DEG0D;NUTS3;DEU_4;
DE;DEG05;NUTS3;DEU_4;
DE;DED1B;NUTS3;DEU_4;
DE;DED2B;NUTS3;DEU_4;
DE;DEE02;NUTS3;DEU_4;
DE;DEE08;NUTS3;DEU_4;
DE;DED25;NUTS3;DEU_4;
DE;DED33;NUTS3;DEU_4;
DE;DED22;NUTS3;DEU_4;
DE;DEG03;NUTS3;DEU_4;
DE;DEG02;NUTS3;DEU_4;
DE;DEG0L;NUTS3;DEU_4;
DE;DEG0H;NUTS3;DEU_4;
DE;DED35;NUTS3;DEU_4;
DE;DED23;NUTS3;DEU_4;
DE;DED15;NUTS3;DEU_4;
DE;DEG0E;NUTS3;DEU_4;
DE;DED27;NUTS3;DEU_4;
DE;DEG0F;NUTS3;DEU_4;
DE;DED11;NUTS3;DEU_4;
DE;DED12;NUTS3;DEU_4;
DE;DED28;NUTS3;DEU_4;
DE;DED21;NUTS3;DEU_4;
DE;DED1C;NUTS3;DEU_4;
DE;DEG0B;NUTS3;DEU_4;
DE;DEG0P;NUTS3;DEU_4;
DE;DEG0I;NUTS3;DEU_4;
DE;DED13;NUTS3;DEU_4;
DE;DEE0A;NUTS3;DEU_4;
DE;DED31;NUTS3;DEU_4;
DE;DEG0A;NUTS3;DEU_4;
DE;DEG0M;NUTS3;DEU_4;
DE;DED36;NUTS3;DEU_4;
DE;DEE0B;NUTS3;DEU_4;
DE;DEG0G;NUTS3;DEU_4;
DE;DEG0C;NUTS3;DEU_4;
DE;DED19;NUTS3;DEU_4;
DE;DED18;NUTS3;DEU_4;
DE;DED1A;NUTS3;DEU_4;
DE;DEG0K;NUTS3;DEU_4;
DE;DED32;NUTS3;DEU_4;
DE;DED29;NUTS3;DEU_4;
DE;DEG0J;NUTS3;DEU_4;
DE;DEG07;NUTS3;DEU_4;
DE;DED24;NUTS3;DEU_4;
DE;DEG01;NUTS3;DEU_4;
DE;DED2A;NUTS3;DEU_4;
DE;DED34;NUTS3;DEU_4;
DE;DEG09;NUTS3;DEU_4;
DE;DEG0N;NUTS3;DEU_4;
DE;DED16;NUTS3;DEU_4;
DE;DED14;NUTS3;DEU_4;
DE;DED26;NUTS3;DEU_4;
DE;DEG06;NUTS3;DEU_4;
DE;DE735;NUTS3;DEU_5;
DE;DE724;NUTS3;DEU_5;
DE;DE736;NUTS3;DEU_5;
DE;DE723;NUTS3;DEU_5;
DE;DE722;NUTS3;DEU_5;
DE;DE725;NUTS3;DEU_5;
DE;DE737;NUTS3;DEU_5;
DE;DE732;NUTS3;DEU_5;
DE;DE734;NUTS3;DEU_5;
DE;DE731;NUTS3;DEU_5;
DE;DE733;NUTS3;DEU_5;
DE;DE721;NUTS3;DEU_5;
DE;DE716;NUTS3;DEU_5;
DE;DE711;NUTS3;DEU_5;
DE;DE71D;NUTS3;DEU_5;
DE;DE71B;NUTS3;DEU_5;
DE;DE712;NUTS3;DEU_5;
DE;DE71A;NUTS3;DEU_5;
DE;DE715;NUTS3;DEU_5;
DE;DE71E;NUTS3;DEU_5;
DE;DE719;NUTS3;DEU_5;
DE;DE714;NUTS3;DEU_5;
DE;DE713;NUTS3;DEU_5;
DE;DE71C;NUTS3;DEU_5;
DE;DE717;NUTS3;DEU_5;
DE;DE718;NUTS3;DEU_5;
DE;DEC02;NUTS3;DEU_5;
DE;DEC04;NUTS3;DEU_5;
DE;DEC03;NUTS3;DEU_5;
DE;DEC06;NUTS3;DEU_5;
DE;DEC05;NUTS3;DEU_5;
DE;DEC01;NUTS3;DEU_5;
DE;DEB12;NUTS3;DEU_5;
DE;DEB13;NUTS3;DEU_5;
DE;DEB1B;NUTS3;DEU_5;
DE;DEB18;NUTS3;DEU_5;
DE;DEB3A;NUTS3;DEU_5;
DE;DEB3E;NUTS3;DEU_5;
DE;DEB24;NUTS3;DEU_5;
DE;DEB37;NUTS3;DEU_5;
DE;DEB33;NUTS3;DEU_5;
DE;DEB14;NUTS3;DEU_5;
DE;DEB3I;NUTS3;DEU_5;
DE;DEB3F;NUTS3;DEU_5;
DE;DEB31;NUTS3;DEU_5;
DE;DEB25;NUTS3;DEU_5;
DE;DEB3B;NUTS3;DEU_5;
DE;DEB15;NUTS3;DEU_5;
DE;DEB34;NUTS3;DEU_5;
DE;DEB23;NUTS3;DEU_5;
DE;DEB16;NUTS3;DEU_5;
DE;DEB32;NUTS3;DEU_5;
DE;DEB19;NUTS3;DEU_5;
DE;DEB21;NUTS3;DEU_5;
DE;DEB3D;NUTS3;DEU_5;
DE;DEB17;NUTS3;DEU_5;
DE;DEB39;NUTS3;DEU_5;
DE;DEB22;NUTS3;DEU_5;
DE;DEB36;NUTS3;DEU_5;
DE;DEB3G;NUTS3;DEU_5;
DE;DEB3J;NUTS3;DEU_5;
DE;DEB35;NUTS3;DEU_5;
DE;DEB3K;NUTS3;DEU_5;
DE;DEB38;NUTS3;DEU_5;
DE;DEB3H;NUTS3;DEU_5;
DE;DEB1A;NUTS3;DEU_5;
DE;DEB11;NUTS3;DEU_5;
DE;DEB3C;NUTS3;DEU_5;
DE;DE123;NUTS3;DEU_6;
DE;DE117;NUTS3;DEU_6;
DE;DE126;NUTS3;DEU_6;
DE;DE122;NUTS3;DEU_6;
DE;DE128;NUTS3;DEU_6;
DE;DE12B;NUTS3;DEU_6;
DE;DE11D;NUTS3;DEU_6;
DE;DE116;NUTS3;DEU_6;
DE;DE115;NUTS3;DEU_6;
DE;DE11B;NUTS3;DEU_6;
DE;DE125;NUTS3;DEU_6;
DE;DE119;NUTS3;DEU_6;
DE;DE11A;NUTS3;DEU_6;
DE;DE127;NUTS3;DEU_6;
DE;DE118;NUTS3;DEU_6;
DE;DE113;NUTS3;DEU_6;
DE;DE11C;NUTS3;DEU_6;
DE;DE114;NUTS3;DEU_6;
DE;DE132;NUTS3;DEU_6;
DE;DE131;NUTS3;DEU_6;
DE;DE144;NUTS3;DEU_6;
DE;DE143;NUTS3;DEU_6;
DE;DE135;NUTS3;DEU_6;
DE;DE134;NUTS3;DEU_6;
DE;DE148;NUTS3;DEU_6;
DE;DE12C;NUTS3;DEU_6;
DE;DE145;NUTS3;DEU_6;
DE;DE147;NUTS3;DEU_6;
DE;DE124;NUTS3;DEU_6;
DE;DE129;NUTS3;DEU_6;
DE;DE142;NUTS3;DEU_6;
DE;DE146;NUTS3;DEU_6;
DE;DE139;NUTS3;DEU_6;
DE;DE111;NUTS3;DEU_6;
DE;DE141;NUTS3;DEU_6;
DE;DE149;NUTS3;DEU_6;
DE;DE13A;NUTS3;DEU_6;
DE;DE133;NUTS3;DEU_6;
DE;DE136;NUTS3;DEU_6;
DE;DE137;NUTS3;DEU_6;
DE;DE138;NUTS3;DEU_6;
DE;DE112;NUTS3;DEU_6;
DE;DE121;NUTS3;DEU_6;
DE;DE12A;NUTS3;DEU_6;
DE;DE24A;NUTS3;DEU_7;
DE;DE266;NUTS3;DEU_7;
DE;DE247;NUTS3;DEU_7;
DE;DE23A;NUTS3;DEU_7;
DE;DE238;NUTS3;DEU_7;
DE;DE242;NUTS3;DEU_7;
DE;DE25C;NUTS3;DEU_7;
DE;DE229;NUTS3;DEU_7;
DE;DE22B;NUTS3;DEU_7;
DE;DE244;NUTS3;DEU_7;
DE;DE26C;NUTS3;DEU_7;
DE;DE269;NUTS3;DEU_7;
DE;DE241;NUTS3;DEU_7;
DE;DE239;NUTS3;DEU_7;
DE;DE268;NUTS3;DEU_7;
DE;DE258;NUTS3;DEU_7;
DE;DE253;NUTS3;DEU_7;
DE;DE254;NUTS3;DEU_7;
DE;DE243;NUTS3;DEU_7;
DE;DE231;NUTS3;DEU_7;
DE;DE219;NUTS3;DEU_7;
DE;DE24B;NUTS3;DEU_7;
DE;DE248;NUTS3;DEU_7;
DE;DE232;NUTS3;DEU_7;
DE;DE26A;NUTS3;DEU_7;
DE;DE267;NUTS3;DEU_7;
DE;DE26B;NUTS3;DEU_7;
DE;DE27D;NUTS3;DEU_7;
DE;DE226;NUTS3;DEU_7;
DE;DE24D;NUTS3;DEU_7;
DE;DE24C;NUTS3;DEU_7;
DE;DE237;NUTS3;DEU_7;
DE;DE263;NUTS3;DEU_7;
DE;DE256;NUTS3;DEU_7;
DE;DE235;NUTS3;DEU_7;
DE;DE257;NUTS3;DEU_7;
DE;DE234;NUTS3;DEU_7;
DE;DE262;NUTS3;DEU_7;
DE;DE236;NUTS3;DEU_7;
DE;DE264;NUTS3;DEU_7;
DE;DE25A;NUTS3;DEU_7;
DE;DE246;NUTS3;DEU_7;
DE;DE259;NUTS3;DEU_7;
DE;DE233;NUTS3;DEU_7;
DE;DE252;NUTS3;DEU_7;
DE;DE25B;NUTS3;DEU_7;
DE;DE265;NUTS3;DEU_7;
DE;DE249;NUTS3;DEU_7;
DE;DE245;NUTS3;DEU_7;
DE;DE261;NUTS3;DEU_7;
DE;DE255;NUTS3;DEU_7;
DE;DE251;NUTS3;DEU_7;
DE;DE21I;NUTS3;DEU_7;
DE;DE21J;NUTS3;DEU_7;
DE;DE22C;NUTS3;DEU_7;
DE;DE27B;NUTS3;DEU_7;
DE;DE227;NUTS3;DEU_7;
DE;DE228;NUTS3;DEU_7;
DE;DE279;NUTS3;DEU_7;
DE;DE271;NUTS3;DEU_7;
DE;DE274;NUTS3;DEU_7;
DE;DE277;NUTS3;DEU_7;
DE;DE21A;NUTS3;DEU_7;
DE;DE21G;NUTS3;DEU_7;
DE;DE27C;NUTS3;DEU_7;
DE;DE214;NUTS3;DEU_7;
DE;DE216;NUTS3;DEU_7;
DE;DE215;NUTS3;DEU_7;
DE;DE276;NUTS3;DEU_7;
DE;DE21N;NUTS3;DEU_7;
DE;DE21F;NUTS3;DEU_7;
DE;DE272;NUTS3;DEU_7;
DE;DE213;NUTS3;DEU_7;
DE;DE225;NUTS3;DEU_7;
DE;DE224;NUTS3;DEU_7;
DE;DE275;NUTS3;DEU_7;
DE;DE21B;NUTS3;DEU_7;
DE;DE22A;NUTS3;DEU_7;
DE;DE21H;NUTS3;DEU_7;
DE;DE21C;NUTS3;DEU_7;
DE;DE21K;NUTS3;DEU_7;
DE;DE27E;NUTS3;DEU_7;
DE;DE223;NUTS3;DEU_7;
DE;DE222;NUTS3;DEU_7;
DE;DE273;NUTS3;DEU_7;
DE;DE221;NUTS3;DEU_7;
DE;DE212;NUTS3;DEU_7;
DE;DE21E;NUTS3;DEU_7;
DE;DE27A;NUTS3;DEU_7;
DE;DE218;NUTS3;DEU_7;
DE;DE278;NUTS3;DEU_7;
DE;DE217;NUTS3;DEU_7;
DE;DE21M;NUTS3;DEU_7;
DE;DE21L;NUTS3;DEU_7;
DE;DE21D;NUTS3;DEU_7;
DE;DE211;NUTS3;DEU_7;
DK;DK050;NUTS3;DNK_1;
DK;DK042;NUTS3;DNK_1;
DK;DK041;NUTS3;DNK_1;
DK;DK032;NUTS3;DNK_1;
DK;DK031;NUTS3;DNK_1;
DK;DK012;NUTS3;DNK_2;
DK;DK021;NUTS3;DNK_2;
DK;DK013;NUTS3;DNK_2;
DK;DK011;NUTS3;DNK_2;
DK;DK022;NUTS3;DNK_2;
DK;DK014;NUTS3;DNK_2;
EE;;NUTS0;EST_1;
ES;ES112;NUTS3;ESP_1;
ES;ES114;NUTS3;ESP_1;
ES;ES614;NUTS3;ESP_10;
ES;ES611;NUTS3;ESP_10;
ES;ES613;NUTS3;ESP_10;
ES;ES616;NUTS3;ESP_10;
ES;ES522;NUTS3;ESP_11;
ES;ES423;NUTS3;ESP_11;
ES;ES523;NUTS3;ESP_11;
ES;ES521;NUTS3;ESP_11;
ES;ES620;NUTS3;ESP_11;
ES;ES421;NUTS3;ESP_11;
ES;ES130;NUTS3;ESP_2;
ES;ES413;NUTS3;ESP_2;
ES;ES120;NUTS3;ESP_2;
ES;ES415;NUTS3;ESP_2;
ES;ES419;NUTS3;ESP_2;
ES;ES111;NUTS3;ESP_2;
ES;ES414;NUTS3;ESP_3;
ES;ES417;NUTS3;ESP_3;
ES;ES424;NUTS3;ESP_3;
ES;ES412;NUTS3;ESP_3;
ES;ES418;NUTS3;ESP_3;
ES;ES411;NUTS3;ESP_3;
ES;ES416;NUTS3;ESP_3;
ES;ES113;NUTS3;ESP_3;
ES;ES212;NUTS3;ESP_4;
ES;ES213;NUTS3;ESP_4;
ES;ES211;NUTS3;ESP_4;
ES;ES230;NUTS3;ESP_4;
ES;ES220;NUTS3;ESP_4;
ES;ES243;NUTS3;ESP_5;
ES;ES242;NUTS3;ESP_5;
ES;ES241;NUTS3;ESP_5;
ES;ES514;NUTS3;ESP_6;
ES;ES513;NUTS3;ESP_6;
ES;ES512;NUTS3;ESP_6;
ES;ES511;NUTS3;ESP_6;
ES;ES300;NUTS3;ESP_7;
ES;ES422;NUTS3;ESP_8;
ES;ES432;NUTS3;ESP_8;
ES;ES431;NUTS3;ESP_8;
ES;ES425;NUTS3;ESP_8;
ES;ES617;NUTS3;ESP_9;
ES;ES612;NUTS3;ESP_9;
ES;ES615;NUTS3;ESP_9;
ES;ES618;NUTS3;ESP_9;
FI;FI1A3;NUTS3;FIN_1;
FI;FI134;NUTS3;FIN_1;NUTS region was previously shared with 75_FI, now all given to 74_FI
FI;FI1A2;NUTS3;FIN_1;NUTS region was previously shared with 75_FI, now all given to 74_FI
FI;FI133;NUTS3;FIN_2;
FI;FI1A1;NUTS3;FIN_2;
FI;FI194;NUTS3;FIN_2;
FI;FI131;NUTS3;FIN_2;
FI;FI132;NUTS3;FIN_2;
FI;FI200;NUTS3;FIN_2;
FI;FI181;NUTS3;FIN_2;
FI;FI183;NUTS3;FIN_2;
FI;FI187;NUTS3;FIN_2;
FI;FI186;NUTS3;FIN_2;
FI;FI197;NUTS3;FIN_2;
FI;FI193;NUTS3;FIN_2;
FI;FI185;NUTS3;FIN_2;
FI;FI184;NUTS3;FIN_2;
FI;FI182;NUTS3;FIN_2;
FI;FI196;NUTS3;FIN_2;
FI;FI195;NUTS3;FIN_2;
FR;FR108;NUTS3;FRA_10;
FR;FR102;NUTS3;FRA_10;
FR;FR103;NUTS3;FRA_10;
FR;FR104;NUTS3;FRA_10;
FR;FR106;NUTS3;FRA_10;
FR;FR105;NUTS3;FRA_10;
FR;FR101;NUTS3;FRA_10;
FR;FR107;NUTS3;FRA_10;
FR;FR244;NUTS3;FRA_4;
FR;FR514;NUTS3;FRA_4;
FR;FR512;NUTS3;FRA_4;
FR;FR534;NUTS3;FRA_4;
FR;FR515;NUTS3;FRA_4;
FR;FR533;NUTS3;FRA_4;
FR;FR532;NUTS3;FRA_4;
FR;FR531;NUTS3;FRA_4;
FR;FR521;NUTS3;FRA_8;
FR;FR522;NUTS3;FRA_8;
FR;FR523;NUTS3;FRA_8;
FR;FR511;NUTS3;FRA_8;
FR;FR513;NUTS3;FRA_8;
FR;FR524;NUTS3;FRA_8;
FR;FR302;NUTS3;FRA_13;
FR;FR221;NUTS3;FRA_13;
FR;FR223;NUTS3;FRA_13;
FR;FR301;NUTS3;FRA_13;
FR;FR222;NUTS3;FRA_13;
FR;FR232;NUTS3;FRA_13;
FR;FR231;NUTS3;FRA_9;
FR;FR251;NUTS3;FRA_9;
FR;FR252;NUTS3;FRA_9;
FR;FR253;NUTS3;FRA_9;
FR;FR211;NUTS3;FRA_14;
FR;FR213;NUTS3;FRA_14;
FR;FR212;NUTS3;FRA_11;
FR;FR214;NUTS3;FRA_11;
FR;FR264;NUTS3;FRA_11;
FR;FR263;NUTS3;FRA_11;
FR;FR261;NUTS3;FRA_11;
FR;FR412;NUTS3;FRA_12;
FR;FR413;NUTS3;FRA_12;
FR;FR421;NUTS3;FRA_12;
FR;FR411;NUTS3;FRA_12;
FR;FR414;NUTS3;FRA_12;
FR;FR433;NUTS3;FRA_12;
FR;FR431;NUTS3;FRA_12;
FR;FR422;NUTS3;FRA_12;
FR;FR434;NUTS3;FRA_12;
FR;FR718;NUTS3;FRA_7;
FR;FR432;NUTS3;FRA_7;
FR;FR717;NUTS3;FRA_7;
FR;FR714;NUTS3;FRA_7;
FR;FR711;NUTS3;FRA_7;
FR;FR822;NUTS3;FRA_7;
FR;FR716;NUTS3;FRA_6;
FR;FR715;NUTS3;FRA_6;
FR;FR723;NUTS3;FRA_6;
FR;FR712;NUTS3;FRA_6;
FR;FR713;NUTS3;FRA_6;
FR;FR823;NUTS3;FRA_3;
FR;FR824;NUTS3;FRA_3;
FR;FR821;NUTS3;FRA_3;
FR;FR812;NUTS3;FRA_3;
FR;FR826;NUTS3;FRA_3;
FR;FR825;NUTS3;FRA_3;
FR;FR813;NUTS3;FRA_2;
FR;FR811;NUTS3;FRA_2;
FR;FR722;NUTS3;FRA_2;
FR;FR631;NUTS3;FRA_2;
FR;FR625;NUTS3;FRA_2;
FR;FR814;NUTS3;FRA_2;
FR;FR622;NUTS3;FRA_2;
FR;FR627;NUTS3;FRA_2;
FR;FR815;NUTS3;FRA_2;
FR;FR624;NUTS3;FRA_1;
FR;FR621;NUTS3;FRA_1;
FR;FR614;NUTS3;FRA_1;
FR;FR623;NUTS3;FRA_1;
FR;FR626;NUTS3;FRA_1;
FR;FR613;NUTS3;FRA_1;
FR;FR611;NUTS3;FRA_1;
FR;FR628;NUTS3;FRA_1;
FR;FR615;NUTS3;FRA_1;
FR;FR612;NUTS3;FRA_1;
FR;FR245;NUTS3;FRA_5;
FR;FR241;NUTS3;FRA_5;
FR;FR262;NUTS3;FRA_5;
FR;FR246;NUTS3;FRA_5;
FR;FR242;NUTS3;FRA_5;
FR;FR633;NUTS3;FRA_5;
FR;FR243;NUTS3;FRA_5;
FR;FR721;NUTS3;FRA_5;
FR;FR724;NUTS3;FRA_5;
FR;FR632;NUTS3;FRA_5;
FR;FR831;NUTS3;FRA_15;
FR;FR832;NUTS3;FRA_15;
GR;GR114;NUTS3;GRC_1;
GR;GR112;NUTS3;GRC_1;
GR;GR126;NUTS3;GRC_1;
GR;GR115;NUTS3;GRC_1;
GR;GR132;NUTS3;GRC_1;
GR;GR113;NUTS3;GRC_1;
GR;GR123;NUTS3;GRC_1;
GR;GR121;NUTS3;GRC_1;
GR;GR133;NUTS3;GRC_1;
GR;GR124;NUTS3;GRC_1;
GR;GR122;NUTS3;GRC_1;
GR;GR134;NUTS3;GRC_1;
GR;GR127;NUTS3;GRC_1;
GR;GR142;NUTS3;GRC_1;
GR;GR131;NUTS3;GRC_1;
GR;GR231;NUTS3;GRC_1;
GR;GR144;NUTS3;GRC_1;
GR;GR211;NUTS3;GRC_1;
GR;GR212;NUTS3;GRC_1;
GR;GR125;NUTS3;GRC_1;
GR;GR111;NUTS3;GRC_1;
GR;GR141;NUTS3;GRC_1;
GR;GR214;NUTS3;GRC_1;
GR;GR213;NUTS3;GRC_1;
GR;GR245;NUTS3;GRC_2;
GR;GR232;NUTS3;GRC_2;
GR;GR251;NUTS3;GRC_2;
GR;GR243;NUTS3;GRC_2;
GR;GR255;NUTS3;GRC_2;
GR;GR233;NUTS3;GRC_2;
GR;GR254;NUTS3;GRC_2;
GR;GR143;NUTS3;GRC_2;
GR;GR253;NUTS3;GRC_2;
GR;GR242;NUTS3;GRC_2;
GR;GR252;NUTS3;GRC_2;
GR;GR244;NUTS3;GRC_2;
GR;GR241;NUTS3;GRC_2;
GR;GR300;NUTS3;GRC_2;
HR;;NUTS0;HRV_1;
HU;;NUTS0;HUN_1;
IE;;NUTS0;IRL_1;
IT;ITE15;NUTS3;ITA_2;
IT;ITE33;NUTS3;ITA_2;
IT;ITE31;NUTS3;ITA_2;
IT;ITE17;NUTS3;ITA_2;
IT;ITE18;NUTS3;ITA_2;
IT;ITE32;NUTS3;ITA_2;
IT;ITE11;NUTS3;ITA_2;
IT;ITE34;NUTS3;ITA_2;
IT;ITE21;NUTS3;ITA_2;
IT;ITE12;NUTS3;ITA_2;
IT;ITE14;NUTS3;ITA_2;
IT;ITE13;NUTS3;ITA_2;
IT;ITE19;NUTS3;ITA_2;
IT;ITE16;NUTS3;ITA_2;
IT;ITE22;NUTS3;ITA_2;
IT;ITE1A;NUTS3;ITA_2;
IT;ITF31;NUTS3;ITA_3;
IT;ITF35;NUTS3;ITA_3;
IT;ITE42;NUTS3;ITA_3;
IT;ITF14;NUTS3;ITA_3;
IT;ITF34;NUTS3;ITA_3;
IT;ITF11;NUTS3;ITA_3;
IT;ITE41;NUTS3;ITA_3;
IT;ITE45;NUTS3;ITA_3;
IT;ITF32;NUTS3;ITA_3;
IT;ITE44;NUTS3;ITA_3;
IT;ITE43;NUTS3;ITA_3;
IT;ITF12;NUTS3;ITA_3;
IT;ITF13;NUTS3;ITA_3;
IT;ITF33;NUTS3;ITA_3;
IT;ITC13;NUTS3;ITA_1;
IT;ITD41;NUTS3;ITA_1;
IT;ITD32;NUTS3;ITA_1;
IT;ITC20;NUTS3;ITA_1;
IT;ITC42;NUTS3;ITA_1;
IT;ITC12;NUTS3;ITA_1;
IT;ITC47;NUTS3;ITA_1;
IT;ITD35;NUTS3;ITA_1;
IT;ITD31;NUTS3;ITA_1;
IT;ITD44;NUTS3;ITA_1;
IT;ITC15;NUTS3;ITA_1;
IT;ITC34;NUTS3;ITA_1;
IT;ITD33;NUTS3;ITA_1;
IT;ITD42;NUTS3;ITA_1;
IT;ITC43;NUTS3;ITA_1;
IT;ITC41;NUTS3;ITA_1;
IT;ITC44;NUTS3;ITA_1;
IT;ITC46;NUTS3;ITA_1;
IT;ITD10;NUTS3;ITA_1;
IT;ITD34;NUTS3;ITA_1;
IT;ITD20;NUTS3;ITA_1;
IT;ITD43;NUTS3;ITA_1;
IT;ITC14;NUTS3;ITA_1;
IT;ITC31;NUTS3;ITA_1;
IT;ITC4A;NUTS3;ITA_1;
IT;ITC49;NUTS3;ITA_1;
IT;ITC16;NUTS3;ITA_1;
IT;ITD59;NUTS3;ITA_1;
IT;ITD55;NUTS3;ITA_1;
IT;ITC4B;NUTS3;ITA_1;
IT;ITC33;NUTS3;ITA_1;
IT;ITC48;NUTS3;ITA_1;
IT;ITD57;NUTS3;ITA_1;
IT;ITC32;NUTS3;ITA_1;
IT;ITC18;NUTS3;ITA_1;
IT;ITC45;NUTS3;ITA_1;
IT;ITD37;NUTS3;ITA_1;
IT;ITD51;NUTS3;ITA_1;
IT;ITC17;NUTS3;ITA_1;
IT;ITD36;NUTS3;ITA_1;
IT;ITD52;NUTS3;ITA_1;
IT;ITD58;NUTS3;ITA_1;
IT;ITD53;NUTS3;ITA_1;
IT;ITD56;NUTS3;ITA_1;
IT;ITD54;NUTS3;ITA_1;
IT;ITC11;NUTS3;ITA_1;
IT;ITF43;NUTS3;ITA_4;
IT;ITF42;NUTS3;ITA_4;
IT;ITF52;NUTS3;ITA_4;
IT;ITF22;NUTS3;ITA_4;
IT;ITF51;NUTS3;ITA_4;
IT;ITF41;NUTS3;ITA_4;
IT;ITF21;NUTS3;ITA_4;
IT;ITF44;NUTS3;ITA_4;
IT;ITF61;NUTS3;ITA_4;
IT;ITF63;NUTS3;ITA_4;
IT;ITF45;NUTS3;ITA_4;
IT;ITF64;NUTS3;ITA_4;
IT;ITF62;NUTS3;ITA_4;
IT;ITF65;NUTS3;ITA_4;
IT;ITG29;NUTS3;ITA_6;
IT;ITG26;NUTS3;ITA_6;
IT;ITG25;NUTS3;ITA_6;
IT;ITG2A;NUTS3;ITA_6;
IT;ITG2C;NUTS3;ITA_6;
IT;ITG27;NUTS3;ITA_6;
IT;ITG2B;NUTS3;ITA_6;
IT;ITG28;NUTS3;ITA_6;
IT;ITG16;NUTS3;ITA_5;
IT;ITG19;NUTS3;ITA_5;
IT;ITG13;NUTS3;ITA_5;
IT;ITG11;NUTS3;ITA_5;
IT;ITG18;NUTS3;ITA_5;
IT;ITG17;NUTS3;ITA_5;
IT;ITG15;NUTS3;ITA_5;
IT;ITG12;NUTS3;ITA_5;
IT;ITG14;NUTS3;ITA_5;
LT;;NUTS0;LTU_1;
LU;;NUTS0;LUX_1;
LV;;NUTS0;LVA_1;
ME;;NUTS0;MNE_1;
MK;;NUTS0;MKD_1;
NL;;NUTS0;NLD_1;
NO;NO043;NUTS3;NOR_1;
NO;NO041;NUTS3;NOR_1;
NO;NO042;NUTS3;NOR_1;
NO;NO033;NUTS3;NOR_2;
NO;NO032;NUTS3;NOR_2;
NO;NO034;NUTS3;NOR_2;
NO;NO052;NUTS3;NOR_3;
NO;NO051;NUTS3;NOR_3;
NO;NO021;NUTS3;NOR_4;
NO;NO022;NUTS3;NOR_4;
NO;NO011;NUTS3;NOR_4;
NO;NO012;NUTS3;NOR_4;
NO;NO031;NUTS3;NOR_4;
NO;NO061;NUTS3;NOR_5;
NO;NO053;NUTS3;NOR_5;
NO;NO062;NUTS3;NOR_6;
NO;NO072;NUTS3;NOR_6;
NO;NO071;NUTS3;NOR_6;
NO;NO073;NUTS3;NOR_7;
PL;PL343;NUTS3;POL_1;
PL;PL117;NUTS3;POL_1;
PL;PL127;NUTS3;POL_1;
PL;PL113;NUTS3;POL_1;
PL;PL115;NUTS3;POL_1;
PL;PL344;NUTS3;POL_1;
PL;PL122;NUTS3;POL_1;
PL;PL345;NUTS3;POL_1;
PL;PL623;NUTS3;POL_1;
PL;PL129;NUTS3;POL_1;
PL;PL116;NUTS3;POL_1;
PL;PL121;NUTS3;POL_1;
PL;PL114;NUTS3;POL_1;
PL;PL12A;NUTS3;POL_1;
PL;PL128;NUTS3;POL_2;
PL;PL311;NUTS3;POL_2;
PL;PL315;NUTS3;POL_2;
PL;PL314;NUTS3;POL_2;
PL;PL326;NUTS3;POL_2;
PL;PL312;NUTS3;POL_2;
PL;PL332;NUTS3;POL_2;
PL;PL331;NUTS3;POL_2;
PL;PL324;NUTS3;POL_2;
PL;PL323;NUTS3;POL_2;
PL;PL325;NUTS3;POL_2;
PL;PL229;NUTS3;POL_3;
PL;PL521;NUTS3;POL_3;
PL;PL228;NUTS3;POL_3;
PL;PL522;NUTS3;POL_3;
PL;PL224;NUTS3;POL_3;
PL;PL22B;NUTS3;POL_3;
PL;PL225;NUTS3;POL_3;
PL;PL217;NUTS3;POL_3;
PL;PL22A;NUTS3;POL_3;
PL;PL227;NUTS3;POL_3;
PL;PL22C;NUTS3;POL_3;
PL;PL214;NUTS3;POL_3;
PL;PL215;NUTS3;POL_3;
PL;PL216;NUTS3;POL_3;
PL;PL213;NUTS3;POL_3;
PL;PL411;NUTS3;POL_4;
PL;PL432;NUTS3;POL_4;
PL;PL417;NUTS3;POL_4;
PL;PL431;NUTS3;POL_4;
PL;PL414;NUTS3;POL_4;
PL;PL516;NUTS3;POL_4;
PL;PL416;NUTS3;POL_4;
PL;PL423;NUTS3;POL_4;
PL;PL424;NUTS3;POL_4;
PL;PL425;NUTS3;POL_4;
PL;PL415;NUTS3;POL_4;
PL;PL418;NUTS3;POL_4;
PL;PL517;NUTS3;POL_4;
PL;PL515;NUTS3;POL_4;
PL;PL514;NUTS3;POL_4;
PL;PL518;NUTS3;POL_4;
PL;PL633;NUTS3;POL_5;
PL;PL422;NUTS3;POL_5;
PL;PL635;NUTS3;POL_5;
PL;PL621;NUTS3;POL_5;
PL;PL622;NUTS3;POL_5;
PL;PL634;NUTS3;POL_5;
PL;PL631;NUTS3;POL_5;
PL;PL614;NUTS3;POL_5;
PL;PL613;NUTS3;POL_5;
PL;PL615;NUTS3;POL_5;
PT;PT114;NUTS3;PRT_1;
PT;PT117;NUTS3;PRT_1;
PT;PT167;NUTS3;PRT_1;
PT;PT111;NUTS3;PRT_1;
PT;PT118;NUTS3;PRT_1;
PT;PT116;NUTS3;PRT_1;
PT;PT165;NUTS3;PRT_1;
PT;PT161;NUTS3;PRT_1;
PT;PT112;NUTS3;PRT_1;
PT;PT113;NUTS3;PRT_1;
PT;PT168;NUTS3;PRT_1;
PT;PT115;NUTS3;PRT_1;
PT;PT162;NUTS3;PRT_1;
PT;PT164;NUTS3;PRT_1;
PT;PT16A;NUTS3;PRT_1;
PT;PT169;NUTS3;PRT_1;
PT;PT150;NUTS3;PRT_2;
PT;PT184;NUTS3;PRT_2;
PT;PT166;NUTS3;PRT_2;
PT;PT163;NUTS3;PRT_2;
PT;PT171;NUTS3;PRT_2;
PT;PT16C;NUTS3;PRT_2;
PT;PT16B;NUTS3;PRT_2;
PT;PT182;NUTS3;PRT_2;
PT;PT183;NUTS3;PRT_2;
PT;PT172;NUTS3;PRT_2;
PT;PT185;NUTS3;PRT_2;
PT;PT181;NUTS3;PRT_2;
RO;RO115;NUTS3;ROU_1;
RO;RO112;NUTS3;ROU_1;
RO;RO111;NUTS3;ROU_1;
RO;RO114;NUTS3;ROU_1;
RO;RO124;NUTS3;ROU_1;
RO;RO126;NUTS3;ROU_1;
RO;RO123;NUTS3;ROU_1;
RO;RO421;NUTS3;ROU_1;
RO;RO125;NUTS3;ROU_1;
RO;RO424;NUTS3;ROU_1;
RO;RO116;NUTS3;ROU_1;
RO;RO121;NUTS3;ROU_1;
RO;RO113;NUTS3;ROU_1;
RO;RO423;NUTS3;ROU_2;
RO;RO122;NUTS3;ROU_2;
RO;RO316;NUTS3;ROU_2;
RO;RO414;NUTS3;ROU_2;
RO;RO322;NUTS3;ROU_2;
RO;RO313;NUTS3;ROU_2;
RO;RO411;NUTS3;ROU_2;
RO;RO412;NUTS3;ROU_2;
RO;RO314;NUTS3;ROU_2;
RO;RO321;NUTS3;ROU_2;
RO;RO317;NUTS3;ROU_2;
RO;RO413;NUTS3;ROU_2;
RO;RO311;NUTS3;ROU_2;
RO;RO422;NUTS3;ROU_2;
RO;RO415;NUTS3;ROU_2;
RO;RO213;NUTS3;ROU_3;
RO;RO215;NUTS3;ROU_3;
RO;RO212;NUTS3;ROU_3;
RO;RO214;NUTS3;ROU_3;
RO;RO216;NUTS3;ROU_3;
RO;RO211;NUTS3;ROU_3;
RO;RO222;NUTS3;ROU_3;
RO;RO226;NUTS3;ROU_3;
RO;RO224;NUTS3;ROU_3;
RO;RO225;NUTS3;ROU_3;
RO;RO221;NUTS3;ROU_3;
RO;RO315;NUTS3;ROU_3;
RO;RO223;NUTS3;ROU_3;
RO;RO312;NUTS3;ROU_3;
RS;;GADM;SRB_1;
SE;SE224;NUTS3;SWE_4;
SE;SE212;NUTS3;SWE_4;
SE;SE221;NUTS3;SWE_4;
SE;SE231;NUTS3;SWE_4;
SE;SE125;NUTS3;SWE_3;
SE;SE121;NUTS3;SWE_3;
SE;SE312;NUTS3;SWE_3;
SE;SE124;NUTS3;SWE_3;
SE;SE311;NUTS3;SWE_3;
SE;SE213;NUTS3;SWE_3;
SE;SE122;NUTS3;SWE_3;
SE;SE232;NUTS3;SWE_3;
SE;SE211;NUTS3;SWE_3;
SE;SE110;NUTS3;SWE_3;
SE;SE123;NUTS3;SWE_3;
SE;SE214;NUTS3;SWE_3;
SE;SE331;NUTS3;SWE_2;
SE;SE313;NUTS3;SWE_2;
SE;SE322;NUTS3;SWE_2;
SE;SE321;NUTS3;SWE_2;
SE;SE332;NUTS3;SWE_1;
SI;;NUTS0;SVN_1;
SK;;NUTS0;SVK_1;
UK;UKH21;NUTS3;GBR_1;
UK;UKH22;NUTS3;GBR_1;
UK;UKH12;NUTS3;GBR_1;
UK;UKJ12;NUTS3;GBR_1;
UK;UKJ14;NUTS3;GBR_1;
UK;UKH33;NUTS3;GBR_1;
UK;UKH11;NUTS3;GBR_1;
UK;UKF23;NUTS3;GBR_1;
UK;UKJ13;NUTS3;GBR_1;
UK;UKH13;NUTS3;GBR_1;
UK;UKH23;NUTS3;GBR_1;
UK;UKH14;NUTS3;GBR_1;
UK;UKJ11;NUTS3;GBR_1;
UK;UKH32;NUTS3;GBR_1;
UK;UKI21;NUTS3;GBR_1;
UK;UKI12;NUTS3;GBR_1;
UK;UKI11;NUTS3;GBR_1;
UK;UKJ32;NUTS3;GBR_1;
UK;UKJ23;NUTS3;GBR_1;
UK;UKJ21;NUTS3;GBR_1;
UK;UKJ31;NUTS3;GBR_1;
UK;UKJ24;NUTS3;GBR_1;
UK;UKI22;NUTS3;GBR_1;
UK;UKJ22;NUTS3;GBR_1;
UK;UKJ33;NUTS3;GBR_1;
UK;UKJ42;NUTS3;GBR_1;
UK;UKJ41;NUTS3;GBR_1;
UK;UKI23;NUTS3;GBR_1;
UK;UKJ34;NUTS3;GBR_1;
UK;UKH31;NUTS3;GBR_1;
UK;UKK13;NUTS3;GBR_2;
UK;UKK22;NUTS3;GBR_2;
UK;UKK23;NUTS3;GBR_2;
UK;UKK11;NUTS3;GBR_2;
UK;UKK43;NUTS3;GBR_2;
UK;UKK14;NUTS3;GBR_2;
UK;UKK15;NUTS3;GBR_2;
UK;UKK12;NUTS3;GBR_2;
UK;UKK21;NUTS3;GBR_2;
UK;UKK30;NUTS3;GBR_2;
UK;UKK42;NUTS3;GBR_2;
UK;UKK41;NUTS3;GBR_2;
UK;UKD53;NUTS3;GBR_3;
UK;UKD32;NUTS3;GBR_3;
UK;UKD43;NUTS3;GBR_3;
UK;UKE13;NUTS3;GBR_3;
UK;UKE31;NUTS3;GBR_3;
UK;UKL21;NUTS3;GBR_3;
UK;UKG24;NUTS3;GBR_3;
UK;UKG21;NUTS3;GBR_3;
UK;UKL12;NUTS3;GBR_3;
UK;UKL15;NUTS3;GBR_3;
UK;UKL16;NUTS3;GBR_3;
UK;UKF16;NUTS3;GBR_3;
UK;UKG23;NUTS3;GBR_3;
UK;UKL18;NUTS3;GBR_3;
UK;UKL17;NUTS3;GBR_3;
UK;UKF21;NUTS3;GBR_3;
UK;UKG13;NUTS3;GBR_3;
UK;UKG35;NUTS3;GBR_3;
UK;UKF30;NUTS3;GBR_3;
UK;UKD31;NUTS3;GBR_3;
UK;UKF13;NUTS3;GBR_3;
UK;UKD52;NUTS3;GBR_3;
UK;UKE41;NUTS3;GBR_3;
UK;UKE42;NUTS3;GBR_3;
UK;UKD51;NUTS3;GBR_3;
UK;UKE32;NUTS3;GBR_3;
UK;UKD42;NUTS3;GBR_3;
UK;UKF15;NUTS3;GBR_3;
UK;UKD21;NUTS3;GBR_3;
UK;UKE43;NUTS3;GBR_3;
UK;UKD41;NUTS3;GBR_3;
UK;UKD54;NUTS3;GBR_3;
UK;UKF14;NUTS3;GBR_3;
UK;UKG31;NUTS3;GBR_3;
UK;UKL11;NUTS3;GBR_3;
UK;UKD22;NUTS3;GBR_3;
UK;UKG22;NUTS3;GBR_3;
UK;UKG34;NUTS3;GBR_3;
UK;UKF22;NUTS3;GBR_3;
UK;UKF11;NUTS3;GBR_3;
UK;UKG32;NUTS3;GBR_3;
UK;UKL23;NUTS3;GBR_3;
UK;UKL13;NUTS3;GBR_3;
UK;UKF12;NUTS3;GBR_3;
UK;UKL24;NUTS3;GBR_3;
UK;UKG33;NUTS3;GBR_3;
UK;UKG12;NUTS3;GBR_3;
UK;UKG11;NUTS3;GBR_3;
UK;UKL22;NUTS3;GBR_3;
UK;UKL14;NUTS3;GBR_3;
UK;UKM24;NUTS3;GBR_4;
UK;UKM33;NUTS3;GBR_4;
UK;UKM38;NUTS3;GBR_4;
UK;UKC21;NUTS3;GBR_4;
UK;UKC12;NUTS3;GBR_4;
UK;UKC13;NUTS3;GBR_4;
UK;UKM23;NUTS3;GBR_4;
UK;UKM28;NUTS3;GBR_4;
UK;UKM25;NUTS3;GBR_4;
UK;UKE22;NUTS3;GBR_4;
UK;UKD11;NUTS3;GBR_4;
UK;UKD12;NUTS3;GBR_4;
UK;UKE21;NUTS3;GBR_4;
UK;UKC22;NUTS3;GBR_4;
UK;UKC23;NUTS3;GBR_4;
UK;UKC14;NUTS3;GBR_4;
UK;UKC11;NUTS3;GBR_4;
UK;UKM37;NUTS3;GBR_4;
UK;UKE11;NUTS3;GBR_4;
UK;UKE12;NUTS3;GBR_4;
UK;UKM32;NUTS3;GBR_4;
UK;UKM35;NUTS3;GBR_5;
UK;UKM34;NUTS3;GBR_5;
UK;UKM21;NUTS3;GBR_5;
UK;UKM27;NUTS3;GBR_5;
UK;UKM62;NUTS3;GBR_5;
UK;UKM50;NUTS3;GBR_5;
UK;UKM22;NUTS3;GBR_5;
UK;UKM61;NUTS3;GBR_5;
UK;UKM31;NUTS3;GBR_5;
UK;UKM26;NUTS3;GBR_5;
UK;UKM36;NUTS3;GBR_5;
UK;UKM63;NUTS3;GBR_5;
UK;UKM64;NUTS3;GBR_5;
UK;UKM65;NUTS3;GBR_5;
UK;UKM66;NUTS3;GBR_5;
UK;UKN01;NUTS3;GBR_6;
UK;UKN02;NUTS3;GBR_6;
UK;UKN03;NUTS3;GBR_6;
UK;UKN04;NUTS3;GBR_6;
UK;UKN05;NUTS3;GBR_6;
